file,pmid,pmcid,title,journal,publication_year,abstract_characters,section_count,body_characters,validation_passed,disease_match,ai_ml_match,recommendation
PMC10025752.json,36462630,PMC10025752,"Machine Learning for Lung Cancer Diagnosis, Treatment, and Prognosis","Genomics, Proteomics & Bioinformatics",2022,858,17,53785,True,True,True,KEEP_CANDIDATE
PMC10657428.json,37980411,PMC10657428,PET/CT based cross-modal deep learning signature to predict occult nodal metastasis in lung cancer,Nature Communications,2023,1028,17,41064,True,True,True,KEEP_CANDIDATE
PMC10997848.json,38581113,PMC10997848,"Artificial intelligence in lung cancer screening: Detection, classification, prediction, and prognosis",Cancer Medicine,2024,1713,18,55741,True,True,True,KEEP_CANDIDATE
PMC11674357.json,39731064,PMC11674357,Survival prediction of glioblastoma patients using machine learning and deep learning: a systematic review,BMC Cancer,2024,2150,18,77882,True,True,True,KEEP_CANDIDATE
PMC12406473.json,40898302,PMC12406473,Deep learning-based histomorphological subtyping and risk stratification of small cell lung cancer from hematoxylin and eosin-stained whole slide images,Genome Medicine,2025,2363,21,60105,True,True,True,KEEP_CANDIDATE
PMC13105547.json,41428992,PMC13105547,The intersection of artificial intelligence and lung nodule research: current applications and future prospects,"International Journal of Surgery (London, England)",2026,1248,29,98725,True,True,True,KEEP_CANDIDATE
PMC6338921.json,30621101,PMC6338921,An Appraisal of Lung Nodules Automatic Classification Algorithms for CT Images,"Sensors (Basel, Switzerland)",2019,1309,24,74438,True,True,True,KEEP_CANDIDATE
PMC6879441.json,31190176,PMC6879441,What can artificial intelligence teach us about the molecular mechanisms underlying disease?,European Journal of Nuclear Medicine and Molecular Imaging,2019,1607,5,21626,True,True,True,KEEP_CANDIDATE
PMC6895901.json,31661863,PMC6895901,Artificial Intelligence in Lung Cancer Pathology Image Analysis,Cancers,2019,1436,18,31995,True,True,True,KEEP_CANDIDATE
PMC7613986.json,36568860,PMC7613986,A Hybrid Framework for Lung Cancer Classification,Electronics,2022,1207,18,30186,True,True,True,KEEP_CANDIDATE
PMC7616143.json,38877116,PMC7616143,Ultrasensitive plasma-based monitoring of tumor burden using machine learning-guided signal enrichment,Nature medicine,2024,1430,42,96279,True,True,True,KEEP_CANDIDATE
PMC7616186.json,33059822,PMC7616186,A Role for FDG PET Radiomics in Personalized Medicine?,Seminars in nuclear medicine,2020,1381,6,24232,True,True,True,KEEP_CANDIDATE
PMC7783473.json,33408594,PMC7783473,Artificial Intelligence and its future potential in lung cancer screening,EXCLI Journal,2020,1563,8,28791,True,True,True,KEEP_CANDIDATE
PMC7981277.json,32958579,PMC7981277,Deep learning to estimate RECIST in patients with NSCLC treated with PD-1 blockade,Cancer discovery,2020,1053,13,24455,True,True,True,KEEP_CANDIDATE
PMC8321170.json,34460557,PMC8321170,Fully 3D Active Surface with Machine Learning for PET Image Segmentation,Journal of Imaging,2020,2085,9,25878,True,True,True,KEEP_CANDIDATE
PMC8484174.json,33693966,PMC8484174,Structural and functional radiomics for lung cancer,European Journal of Nuclear Medicine and Molecular Imaging,2021,1473,9,33941,True,True,True,KEEP_CANDIDATE
PMC8709297.json,34959678,PMC8709297,A Deep-Learning Proteomic-Scale Approach for Drug Design,Pharmaceuticals,2021,2138,14,42772,True,True,True,KEEP_CANDIDATE
PMC8982538.json,35694416,PMC8982538,The application of artificial intelligence and radiomics in lung cancer,Precision Clinical Medicine,2020,751,17,41107,True,True,True,KEEP_CANDIDATE
PMC9445420.json,36081949,PMC9445420,Lung adenocarcinoma-related target gene prediction and drug repositioning,Frontiers in Pharmacology,2022,1657,12,40421,True,True,True,KEEP_CANDIDATE
PMC9643917.json,36350524,PMC9643917,Artificial intelligence in lung cancer: current applications and perspectives,Japanese Journal of Radiology,2022,1384,6,27941,True,True,True,KEEP_CANDIDATE
PMC9646838.json,36351997,PMC9646838,Deep learning-based framework for slide-based histopathological image analysis,Scientific Reports,2022,2345,13,47888,True,True,True,KEEP_CANDIDATE
